Source ,National Cancer Institute ,,,
Notes ,"Lung & Bronchus, All Cancer 2009-2013",,,
URL,https://statecancerprofiles.cancer.gov/incidencerates/index.php?stateFIPS=18&cancer=047&race=00&sex=0&age=001&type=incd#results,,,
,,,,
Fips ,Geography ,Year ,Statistic ,Value 
0,US ,2013,"Incidence Rate All Cancer(Age-Adjusted Incidence Rate (t)- cases per 100,000) ",448.4
18000,Indiana ,2013,"Incidence Rate All Cancer(Age-Adjusted Incidence Rate (t)- cases per 100,000) ",449
18001,Adams County,2013,"Incidence Rate All Cancer(Age-Adjusted Incidence Rate (t)- cases per 100,000) ",413.7
18003,Allen County,2013,"Incidence Rate All Cancer(Age-Adjusted Incidence Rate (t)- cases per 100,000) ",432.7
18005,Bartholomew County,2013,"Incidence Rate All Cancer(Age-Adjusted Incidence Rate (t)- cases per 100,000) ",448.1
18007,Benton County,2013,"Incidence Rate All Cancer(Age-Adjusted Incidence Rate (t)- cases per 100,000) ",446.3
18009,Blackford County,2013,"Incidence Rate All Cancer(Age-Adjusted Incidence Rate (t)- cases per 100,000) ",489.8
18011,Boone County,2013,"Incidence Rate All Cancer(Age-Adjusted Incidence Rate (t)- cases per 100,000) ",441.9
18013,Brown County,2013,"Incidence Rate All Cancer(Age-Adjusted Incidence Rate (t)- cases per 100,000) ",424.4
18015,Carroll County,2013,"Incidence Rate All Cancer(Age-Adjusted Incidence Rate (t)- cases per 100,000) ",413.8
18017,Cass County,2013,"Incidence Rate All Cancer(Age-Adjusted Incidence Rate (t)- cases per 100,000) ",416
18019,Clark County,2013,"Incidence Rate All Cancer(Age-Adjusted Incidence Rate (t)- cases per 100,000) ",468.6
18021,Clay County,2013,"Incidence Rate All Cancer(Age-Adjusted Incidence Rate (t)- cases per 100,000) ",481.1
18023,Clinton County,2013,"Incidence Rate All Cancer(Age-Adjusted Incidence Rate (t)- cases per 100,000) ",430.9
18025,Crawford County,2013,"Incidence Rate All Cancer(Age-Adjusted Incidence Rate (t)- cases per 100,000) ",475.4
18027,Daviess County,2013,"Incidence Rate All Cancer(Age-Adjusted Incidence Rate (t)- cases per 100,000) ",403.5
18029,Dearborn County,2013,"Incidence Rate All Cancer(Age-Adjusted Incidence Rate (t)- cases per 100,000) ",449.6
18031,Decatur County,2013,"Incidence Rate All Cancer(Age-Adjusted Incidence Rate (t)- cases per 100,000) ",429.3
18033,DeKalb County,2013,"Incidence Rate All Cancer(Age-Adjusted Incidence Rate (t)- cases per 100,000) ",443.1
18035,Delaware County,2013,"Incidence Rate All Cancer(Age-Adjusted Incidence Rate (t)- cases per 100,000) ",469.4
18037,Dubois County,2013,"Incidence Rate All Cancer(Age-Adjusted Incidence Rate (t)- cases per 100,000) ",424.5
18039,Elkhart County,2013,"Incidence Rate All Cancer(Age-Adjusted Incidence Rate (t)- cases per 100,000) ",441.5
18041,Fayette County,2013,"Incidence Rate All Cancer(Age-Adjusted Incidence Rate (t)- cases per 100,000) ",424.5
18043,Floyd County,2013,"Incidence Rate All Cancer(Age-Adjusted Incidence Rate (t)- cases per 100,000) ",461.2
18045,Fountain County,2013,"Incidence Rate All Cancer(Age-Adjusted Incidence Rate (t)- cases per 100,000) ",454.3
18047,Franklin County,2013,"Incidence Rate All Cancer(Age-Adjusted Incidence Rate (t)- cases per 100,000) ",413.1
18049,Fulton County,2013,"Incidence Rate All Cancer(Age-Adjusted Incidence Rate (t)- cases per 100,000) ",463
18051,Gibson County,2013,"Incidence Rate All Cancer(Age-Adjusted Incidence Rate (t)- cases per 100,000) ",416
18053,Grant County,2013,"Incidence Rate All Cancer(Age-Adjusted Incidence Rate (t)- cases per 100,000) ",500.5
18055,Greene County,2013,"Incidence Rate All Cancer(Age-Adjusted Incidence Rate (t)- cases per 100,000) ",436.3
18057,Hamilton County,2013,"Incidence Rate All Cancer(Age-Adjusted Incidence Rate (t)- cases per 100,000) ",405.9
18059,Hancock County,2013,"Incidence Rate All Cancer(Age-Adjusted Incidence Rate (t)- cases per 100,000) ",462
18061,Harrison County,2013,"Incidence Rate All Cancer(Age-Adjusted Incidence Rate (t)- cases per 100,000) ",442.2
18063,Hendricks County,2013,"Incidence Rate All Cancer(Age-Adjusted Incidence Rate (t)- cases per 100,000) ",457.3
18065,Henry County,2013,"Incidence Rate All Cancer(Age-Adjusted Incidence Rate (t)- cases per 100,000) ",460.4
18067,Howard County,2013,"Incidence Rate All Cancer(Age-Adjusted Incidence Rate (t)- cases per 100,000) ",414.5
18069,Huntington County,2013,"Incidence Rate All Cancer(Age-Adjusted Incidence Rate (t)- cases per 100,000) ",446.3
18071,Jackson County,2013,"Incidence Rate All Cancer(Age-Adjusted Incidence Rate (t)- cases per 100,000) ",477.5
18073,Jasper County,2013,"Incidence Rate All Cancer(Age-Adjusted Incidence Rate (t)- cases per 100,000) ",457.7
18075,Jay County,2013,"Incidence Rate All Cancer(Age-Adjusted Incidence Rate (t)- cases per 100,000) ",476
18077,Jefferson County,2013,"Incidence Rate All Cancer(Age-Adjusted Incidence Rate (t)- cases per 100,000) ",475.3
18079,Jennings County,2013,"Incidence Rate All Cancer(Age-Adjusted Incidence Rate (t)- cases per 100,000) ",480.5
18081,Johnson County,2013,"Incidence Rate All Cancer(Age-Adjusted Incidence Rate (t)- cases per 100,000) ",421.4
18083,Knox County,2013,"Incidence Rate All Cancer(Age-Adjusted Incidence Rate (t)- cases per 100,000) ",493.4
18085,Kosciusko County,2013,"Incidence Rate All Cancer(Age-Adjusted Incidence Rate (t)- cases per 100,000) ",452.9
18087,LaGrange County,2013,"Incidence Rate All Cancer(Age-Adjusted Incidence Rate (t)- cases per 100,000) ",389.9
18089,Lake County,2013,"Incidence Rate All Cancer(Age-Adjusted Incidence Rate (t)- cases per 100,000) ",475.3
18091,LaPorte County,2013,"Incidence Rate All Cancer(Age-Adjusted Incidence Rate (t)- cases per 100,000) ",479.1
18093,Lawrence County,2013,"Incidence Rate All Cancer(Age-Adjusted Incidence Rate (t)- cases per 100,000) ",469.4
18095,Madison County,2013,"Incidence Rate All Cancer(Age-Adjusted Incidence Rate (t)- cases per 100,000) ",458.8
18097,Marion County,2013,"Incidence Rate All Cancer(Age-Adjusted Incidence Rate (t)- cases per 100,000) ",444.7
18099,Marshall County,2013,"Incidence Rate All Cancer(Age-Adjusted Incidence Rate (t)- cases per 100,000) ",436.9
18101,Martin County,2013,"Incidence Rate All Cancer(Age-Adjusted Incidence Rate (t)- cases per 100,000) ",490.6
18103,Miami County,2013,"Incidence Rate All Cancer(Age-Adjusted Incidence Rate (t)- cases per 100,000) ",406.6
18105,Monroe County,2013,"Incidence Rate All Cancer(Age-Adjusted Incidence Rate (t)- cases per 100,000) ",431.9
18107,Montgomery County,2013,"Incidence Rate All Cancer(Age-Adjusted Incidence Rate (t)- cases per 100,000) ",408
18109,Morgan County,2013,"Incidence Rate All Cancer(Age-Adjusted Incidence Rate (t)- cases per 100,000) ",497
18111,Newton County,2013,"Incidence Rate All Cancer(Age-Adjusted Incidence Rate (t)- cases per 100,000) ",434.9
18113,Noble County,2013,"Incidence Rate All Cancer(Age-Adjusted Incidence Rate (t)- cases per 100,000) ",411.2
18115,Ohio County,2013,"Incidence Rate All Cancer(Age-Adjusted Incidence Rate (t)- cases per 100,000) ",508.6
18117,Orange County,2013,"Incidence Rate All Cancer(Age-Adjusted Incidence Rate (t)- cases per 100,000) ",459.7
18119,Owen County,2013,"Incidence Rate All Cancer(Age-Adjusted Incidence Rate (t)- cases per 100,000) ",461.4
18121,Parke County,2013,"Incidence Rate All Cancer(Age-Adjusted Incidence Rate (t)- cases per 100,000) ",405.2
18123,Perry County,2013,"Incidence Rate All Cancer(Age-Adjusted Incidence Rate (t)- cases per 100,000) ",431
18125,Pike County,2013,"Incidence Rate All Cancer(Age-Adjusted Incidence Rate (t)- cases per 100,000) ",423.2
18127,Porter County,2013,"Incidence Rate All Cancer(Age-Adjusted Incidence Rate (t)- cases per 100,000) ",466.2
18129,Posey County,2013,"Incidence Rate All Cancer(Age-Adjusted Incidence Rate (t)- cases per 100,000) ",439
18131,Pulaski County,2013,"Incidence Rate All Cancer(Age-Adjusted Incidence Rate (t)- cases per 100,000) ",445.1
18133,Putnam County,2013,"Incidence Rate All Cancer(Age-Adjusted Incidence Rate (t)- cases per 100,000) ",435.9
18135,Randolph County,2013,"Incidence Rate All Cancer(Age-Adjusted Incidence Rate (t)- cases per 100,000) ",499.1
18137,Ripley County,2013,"Incidence Rate All Cancer(Age-Adjusted Incidence Rate (t)- cases per 100,000) ",425.7
18139,Rush County,2013,"Incidence Rate All Cancer(Age-Adjusted Incidence Rate (t)- cases per 100,000) ",494
18143,Scott County,2013,"Incidence Rate All Cancer(Age-Adjusted Incidence Rate (t)- cases per 100,000) ",478.1
18145,Shelby County,2013,"Incidence Rate All Cancer(Age-Adjusted Incidence Rate (t)- cases per 100,000) ",471.7
18147,Spencer County,2013,"Incidence Rate All Cancer(Age-Adjusted Incidence Rate (t)- cases per 100,000) ",423.2
18141,St. Joseph County,2013,"Incidence Rate All Cancer(Age-Adjusted Incidence Rate (t)- cases per 100,000) ",451.8
18149,Starke County,2013,"Incidence Rate All Cancer(Age-Adjusted Incidence Rate (t)- cases per 100,000) ",511.2
18151,Steuben County,2013,"Incidence Rate All Cancer(Age-Adjusted Incidence Rate (t)- cases per 100,000) ",412
18153,Sullivan County,2013,"Incidence Rate All Cancer(Age-Adjusted Incidence Rate (t)- cases per 100,000) ",434.7
18155,Switzerland County,2013,"Incidence Rate All Cancer(Age-Adjusted Incidence Rate (t)- cases per 100,000) ",460.7
18157,Tippecanoe County,2013,"Incidence Rate All Cancer(Age-Adjusted Incidence Rate (t)- cases per 100,000) ",437.3
18159,Tipton County,2013,"Incidence Rate All Cancer(Age-Adjusted Incidence Rate (t)- cases per 100,000) ",429.9
18161,Union County,2013,"Incidence Rate All Cancer(Age-Adjusted Incidence Rate (t)- cases per 100,000) ",466.2
18163,Vanderburgh County,2013,"Incidence Rate All Cancer(Age-Adjusted Incidence Rate (t)- cases per 100,000) ",435.7
18165,Vermillion County,2013,"Incidence Rate All Cancer(Age-Adjusted Incidence Rate (t)- cases per 100,000) ",486.3
18167,Vigo County,2013,"Incidence Rate All Cancer(Age-Adjusted Incidence Rate (t)- cases per 100,000) ",479.8
18169,Wabash County,2013,"Incidence Rate All Cancer(Age-Adjusted Incidence Rate (t)- cases per 100,000) ",439.1
18171,Warren County,2013,"Incidence Rate All Cancer(Age-Adjusted Incidence Rate (t)- cases per 100,000) ",442.2
18173,Warrick County,2013,"Incidence Rate All Cancer(Age-Adjusted Incidence Rate (t)- cases per 100,000) ",457
18175,Washington County,2013,"Incidence Rate All Cancer(Age-Adjusted Incidence Rate (t)- cases per 100,000) ",485.7
18177,Wayne County,2013,"Incidence Rate All Cancer(Age-Adjusted Incidence Rate (t)- cases per 100,000) ",488
18179,Wells County,2013,"Incidence Rate All Cancer(Age-Adjusted Incidence Rate (t)- cases per 100,000) ",413.9
18181,White County,2013,"Incidence Rate All Cancer(Age-Adjusted Incidence Rate (t)- cases per 100,000) ",444.2
18183,Whitley County,2013,"Incidence Rate All Cancer(Age-Adjusted Incidence Rate (t)- cases per 100,000) ",441.2
0,US ,2013,"Death Rate All Cancer(Age- Adjusted Death Rate (t)- cases per 100,000)",168.5
18000,Indiana ,2013,"Death Rate All Cancer(Age- Adjusted Death Rate (t)- cases per 100,000)",185.2
18001,Adams County,2013,"Death Rate All Cancer(Age- Adjusted Death Rate (t)- cases per 100,000)",159.3
18003,Allen County,2013,"Death Rate All Cancer(Age- Adjusted Death Rate (t)- cases per 100,000)",170.7
18005,Bartholomew County,2013,"Death Rate All Cancer(Age- Adjusted Death Rate (t)- cases per 100,000)",185.4
18007,Benton County,2013,"Death Rate All Cancer(Age- Adjusted Death Rate (t)- cases per 100,000)",173.4
18009,Blackford County,2013,"Death Rate All Cancer(Age- Adjusted Death Rate (t)- cases per 100,000)",189.1
18011,Boone County,2013,"Death Rate All Cancer(Age- Adjusted Death Rate (t)- cases per 100,000)",187.2
18013,Brown County,2013,"Death Rate All Cancer(Age- Adjusted Death Rate (t)- cases per 100,000)",190.7
18015,Carroll County,2013,"Death Rate All Cancer(Age- Adjusted Death Rate (t)- cases per 100,000)",166.3
18017,Cass County,2013,"Death Rate All Cancer(Age- Adjusted Death Rate (t)- cases per 100,000)",187.3
18019,Clark County,2013,"Death Rate All Cancer(Age- Adjusted Death Rate (t)- cases per 100,000)",189.8
18021,Clay County,2013,"Death Rate All Cancer(Age- Adjusted Death Rate (t)- cases per 100,000)",186.4
18023,Clinton County,2013,"Death Rate All Cancer(Age- Adjusted Death Rate (t)- cases per 100,000)",193.9
18025,Crawford County,2013,"Death Rate All Cancer(Age- Adjusted Death Rate (t)- cases per 100,000)",185.8
18027,Daviess County,2013,"Death Rate All Cancer(Age- Adjusted Death Rate (t)- cases per 100,000)",176.6
18029,Dearborn County,2013,"Death Rate All Cancer(Age- Adjusted Death Rate (t)- cases per 100,000)",193.8
18031,Decatur County,2013,"Death Rate All Cancer(Age- Adjusted Death Rate (t)- cases per 100,000)",186.7
18033,DeKalb County,2013,"Death Rate All Cancer(Age- Adjusted Death Rate (t)- cases per 100,000)",185.8
18035,Delaware County,2013,"Death Rate All Cancer(Age- Adjusted Death Rate (t)- cases per 100,000)",184.8
18037,Dubois County,2013,"Death Rate All Cancer(Age- Adjusted Death Rate (t)- cases per 100,000)",177.7
18039,Elkhart County,2013,"Death Rate All Cancer(Age- Adjusted Death Rate (t)- cases per 100,000)",170.1
18041,Fayette County,2013,"Death Rate All Cancer(Age- Adjusted Death Rate (t)- cases per 100,000)",222.5
18043,Floyd County,2013,"Death Rate All Cancer(Age- Adjusted Death Rate (t)- cases per 100,000)",179
18045,Fountain County,2013,"Death Rate All Cancer(Age- Adjusted Death Rate (t)- cases per 100,000)",211.7
18047,Franklin County,2013,"Death Rate All Cancer(Age- Adjusted Death Rate (t)- cases per 100,000)",185.8
18049,Fulton County,2013,"Death Rate All Cancer(Age- Adjusted Death Rate (t)- cases per 100,000)",208.3
18051,Gibson County,2013,"Death Rate All Cancer(Age- Adjusted Death Rate (t)- cases per 100,000)",170
18053,Grant County,2013,"Death Rate All Cancer(Age- Adjusted Death Rate (t)- cases per 100,000)",202.3
18055,Greene County,2013,"Death Rate All Cancer(Age- Adjusted Death Rate (t)- cases per 100,000)",197.4
18057,Hamilton County,2013,"Death Rate All Cancer(Age- Adjusted Death Rate (t)- cases per 100,000)",146.5
18059,Hancock County,2013,"Death Rate All Cancer(Age- Adjusted Death Rate (t)- cases per 100,000)",184.8
18061,Harrison County,2013,"Death Rate All Cancer(Age- Adjusted Death Rate (t)- cases per 100,000)",183.5
18063,Hendricks County,2013,"Death Rate All Cancer(Age- Adjusted Death Rate (t)- cases per 100,000)",167.4
18065,Henry County,2013,"Death Rate All Cancer(Age- Adjusted Death Rate (t)- cases per 100,000)",191
18067,Howard County,2013,"Death Rate All Cancer(Age- Adjusted Death Rate (t)- cases per 100,000)",172.2
18069,Huntington County,2013,"Death Rate All Cancer(Age- Adjusted Death Rate (t)- cases per 100,000)",195.8
18071,Jackson County,2013,"Death Rate All Cancer(Age- Adjusted Death Rate (t)- cases per 100,000)",220.4
18073,Jasper County,2013,"Death Rate All Cancer(Age- Adjusted Death Rate (t)- cases per 100,000)",204.7
18075,Jay County,2013,"Death Rate All Cancer(Age- Adjusted Death Rate (t)- cases per 100,000)",202.5
18077,Jefferson County,2013,"Death Rate All Cancer(Age- Adjusted Death Rate (t)- cases per 100,000)",169.5
18079,Jennings County,2013,"Death Rate All Cancer(Age- Adjusted Death Rate (t)- cases per 100,000)",206
18081,Johnson County,2013,"Death Rate All Cancer(Age- Adjusted Death Rate (t)- cases per 100,000)",165.1
18083,Knox County,2013,"Death Rate All Cancer(Age- Adjusted Death Rate (t)- cases per 100,000)",183.5
18085,Kosciusko County,2013,"Death Rate All Cancer(Age- Adjusted Death Rate (t)- cases per 100,000)",187.2
18087,LaGrange County,2013,"Death Rate All Cancer(Age- Adjusted Death Rate (t)- cases per 100,000)",167.5
18089,Lake County,2013,"Death Rate All Cancer(Age- Adjusted Death Rate (t)- cases per 100,000)",195.2
18091,LaPorte County,2013,"Death Rate All Cancer(Age- Adjusted Death Rate (t)- cases per 100,000)",192.5
18093,Lawrence County,2013,"Death Rate All Cancer(Age- Adjusted Death Rate (t)- cases per 100,000)",197.2
18095,Madison County,2013,"Death Rate All Cancer(Age- Adjusted Death Rate (t)- cases per 100,000)",195.2
18097,Marion County,2013,"Death Rate All Cancer(Age- Adjusted Death Rate (t)- cases per 100,000)",201
18099,Marshall County,2013,"Death Rate All Cancer(Age- Adjusted Death Rate (t)- cases per 100,000)",163.7
18101,Martin County,2013,"Death Rate All Cancer(Age- Adjusted Death Rate (t)- cases per 100,000)",194.4
18103,Miami County,2013,"Death Rate All Cancer(Age- Adjusted Death Rate (t)- cases per 100,000)",183.5
18105,Monroe County,2013,"Death Rate All Cancer(Age- Adjusted Death Rate (t)- cases per 100,000)",168.5
18107,Montgomery County,2013,"Death Rate All Cancer(Age- Adjusted Death Rate (t)- cases per 100,000)",171
18109,Morgan County,2013,"Death Rate All Cancer(Age- Adjusted Death Rate (t)- cases per 100,000)",200.8
18111,Newton County,2013,"Death Rate All Cancer(Age- Adjusted Death Rate (t)- cases per 100,000)",194.1
18113,Noble County,2013,"Death Rate All Cancer(Age- Adjusted Death Rate (t)- cases per 100,000)",186.5
18115,Ohio County,2013,"Death Rate All Cancer(Age- Adjusted Death Rate (t)- cases per 100,000)",195.6
18117,Orange County,2013,"Death Rate All Cancer(Age- Adjusted Death Rate (t)- cases per 100,000)",201.5
18119,Owen County,2013,"Death Rate All Cancer(Age- Adjusted Death Rate (t)- cases per 100,000)",215.1
18121,Parke County,2013,"Death Rate All Cancer(Age- Adjusted Death Rate (t)- cases per 100,000)",171.8
18123,Perry County,2013,"Death Rate All Cancer(Age- Adjusted Death Rate (t)- cases per 100,000)",208.1
18125,Pike County,2013,"Death Rate All Cancer(Age- Adjusted Death Rate (t)- cases per 100,000)",174.1
18127,Porter County,2013,"Death Rate All Cancer(Age- Adjusted Death Rate (t)- cases per 100,000)",178.4
18129,Posey County,2013,"Death Rate All Cancer(Age- Adjusted Death Rate (t)- cases per 100,000)",168.7
18131,Pulaski County,2013,"Death Rate All Cancer(Age- Adjusted Death Rate (t)- cases per 100,000)",183.2
18133,Putnam County,2013,"Death Rate All Cancer(Age- Adjusted Death Rate (t)- cases per 100,000)",197.1
18135,Randolph County,2013,"Death Rate All Cancer(Age- Adjusted Death Rate (t)- cases per 100,000)",198.5
18137,Ripley County,2013,"Death Rate All Cancer(Age- Adjusted Death Rate (t)- cases per 100,000)",201.4
18139,Rush County,2013,"Death Rate All Cancer(Age- Adjusted Death Rate (t)- cases per 100,000)",222
18143,Scott County,2013,"Death Rate All Cancer(Age- Adjusted Death Rate (t)- cases per 100,000)",180.3
18145,Shelby County,2013,"Death Rate All Cancer(Age- Adjusted Death Rate (t)- cases per 100,000)",217
18147,Spencer County,2013,"Death Rate All Cancer(Age- Adjusted Death Rate (t)- cases per 100,000)",184.1
18141,St. Joseph County,2013,"Death Rate All Cancer(Age- Adjusted Death Rate (t)- cases per 100,000)",174.6
18149,Starke County,2013,"Death Rate All Cancer(Age- Adjusted Death Rate (t)- cases per 100,000)",222.9
18151,Steuben County,2013,"Death Rate All Cancer(Age- Adjusted Death Rate (t)- cases per 100,000)",172.6
18153,Sullivan County,2013,"Death Rate All Cancer(Age- Adjusted Death Rate (t)- cases per 100,000)",206
18155,Switzerland County,2013,"Death Rate All Cancer(Age- Adjusted Death Rate (t)- cases per 100,000)",232.3
18157,Tippecanoe County,2013,"Death Rate All Cancer(Age- Adjusted Death Rate (t)- cases per 100,000)",169.1
18159,Tipton County,2013,"Death Rate All Cancer(Age- Adjusted Death Rate (t)- cases per 100,000)",159.2
18161,Union County,2013,"Death Rate All Cancer(Age- Adjusted Death Rate (t)- cases per 100,000)",192.3
18163,Vanderburgh County,2013,"Death Rate All Cancer(Age- Adjusted Death Rate (t)- cases per 100,000)",182.7
18165,Vermillion County,2013,"Death Rate All Cancer(Age- Adjusted Death Rate (t)- cases per 100,000)",209.6
18167,Vigo County,2013,"Death Rate All Cancer(Age- Adjusted Death Rate (t)- cases per 100,000)",201.2
18169,Wabash County,2013,"Death Rate All Cancer(Age- Adjusted Death Rate (t)- cases per 100,000)",185.3
18171,Warren County,2013,"Death Rate All Cancer(Age- Adjusted Death Rate (t)- cases per 100,000)",177.2
18173,Warrick County,2013,"Death Rate All Cancer(Age- Adjusted Death Rate (t)- cases per 100,000)",165.1
18175,Washington County,2013,"Death Rate All Cancer(Age- Adjusted Death Rate (t)- cases per 100,000)",205.3
18177,Wayne County,2013,"Death Rate All Cancer(Age- Adjusted Death Rate (t)- cases per 100,000)",202.8
18179,Wells County,2013,"Death Rate All Cancer(Age- Adjusted Death Rate (t)- cases per 100,000)",157
18181,White County,2013,"Death Rate All Cancer(Age- Adjusted Death Rate (t)- cases per 100,000)",206.3
18183,Whitley County,2013,"Death Rate All Cancer(Age- Adjusted Death Rate (t)- cases per 100,000)",179.7
0,US ,2013,"Incidence Rate Lungs & Bronchus(Age- Adjusted Incidence Rate (t)-cases per 100,000)",62.4
18000,Indiana ,2013,"Incidence Rate Lungs & Bronchus(Age- Adjusted Incidence Rate (t)-cases per 100,000)",74.2
18001,Adams County,2013,"Incidence Rate Lungs & Bronchus(Age- Adjusted Incidence Rate (t)-cases per 100,000)",50.2
18003,Allen County,2013,"Incidence Rate Lungs & Bronchus(Age- Adjusted Incidence Rate (t)-cases per 100,000)",61.9
18005,Bartholomew County,2013,"Incidence Rate Lungs & Bronchus(Age- Adjusted Incidence Rate (t)-cases per 100,000)",77.8
18007,Benton County,2013,"Incidence Rate Lungs & Bronchus(Age- Adjusted Incidence Rate (t)-cases per 100,000)",82.7
18009,Blackford County,2013,"Incidence Rate Lungs & Bronchus(Age- Adjusted Incidence Rate (t)-cases per 100,000)",74.9
18011,Boone County,2013,"Incidence Rate Lungs & Bronchus(Age- Adjusted Incidence Rate (t)-cases per 100,000)",67
18013,Brown County,2013,"Incidence Rate Lungs & Bronchus(Age- Adjusted Incidence Rate (t)-cases per 100,000)",61.8
18015,Carroll County,2013,"Incidence Rate Lungs & Bronchus(Age- Adjusted Incidence Rate (t)-cases per 100,000)",66.1
18017,Cass County,2013,"Incidence Rate Lungs & Bronchus(Age- Adjusted Incidence Rate (t)-cases per 100,000)",89.5
18019,Clark County,2013,"Incidence Rate Lungs & Bronchus(Age- Adjusted Incidence Rate (t)-cases per 100,000)",88.1
18021,Clay County,2013,"Incidence Rate Lungs & Bronchus(Age- Adjusted Incidence Rate (t)-cases per 100,000)",73.8
18023,Clinton County,2013,"Incidence Rate Lungs & Bronchus(Age- Adjusted Incidence Rate (t)-cases per 100,000)",76.2
18025,Crawford County,2013,"Incidence Rate Lungs & Bronchus(Age- Adjusted Incidence Rate (t)-cases per 100,000)",94.6
18027,Daviess County,2013,"Incidence Rate Lungs & Bronchus(Age- Adjusted Incidence Rate (t)-cases per 100,000)",62.8
18029,Dearborn County,2013,"Incidence Rate Lungs & Bronchus(Age- Adjusted Incidence Rate (t)-cases per 100,000)",82.3
18031,Decatur County,2013,"Incidence Rate Lungs & Bronchus(Age- Adjusted Incidence Rate (t)-cases per 100,000)",69.6
18033,DeKalb County,2013,"Incidence Rate Lungs & Bronchus(Age- Adjusted Incidence Rate (t)-cases per 100,000)",68.5
18035,Delaware County,2013,"Incidence Rate Lungs & Bronchus(Age- Adjusted Incidence Rate (t)-cases per 100,000)",79.9
18037,Dubois County,2013,"Incidence Rate Lungs & Bronchus(Age- Adjusted Incidence Rate (t)-cases per 100,000)",55
18039,Elkhart County,2013,"Incidence Rate Lungs & Bronchus(Age- Adjusted Incidence Rate (t)-cases per 100,000)",70.2
18041,Fayette County,2013,"Incidence Rate Lungs & Bronchus(Age- Adjusted Incidence Rate (t)-cases per 100,000)",87.4
18043,Floyd County,2013,"Incidence Rate Lungs & Bronchus(Age- Adjusted Incidence Rate (t)-cases per 100,000)",79.3
18045,Fountain County,2013,"Incidence Rate Lungs & Bronchus(Age- Adjusted Incidence Rate (t)-cases per 100,000)",82.3
18047,Franklin County,2013,"Incidence Rate Lungs & Bronchus(Age- Adjusted Incidence Rate (t)-cases per 100,000)",64.7
18049,Fulton County,2013,"Incidence Rate Lungs & Bronchus(Age- Adjusted Incidence Rate (t)-cases per 100,000)",83.8
18051,Gibson County,2013,"Incidence Rate Lungs & Bronchus(Age- Adjusted Incidence Rate (t)-cases per 100,000)",70
18053,Grant County,2013,"Incidence Rate Lungs & Bronchus(Age- Adjusted Incidence Rate (t)-cases per 100,000)",85.5
18055,Greene County,2013,"Incidence Rate Lungs & Bronchus(Age- Adjusted Incidence Rate (t)-cases per 100,000)",81.1
18057,Hamilton County,2013,"Incidence Rate Lungs & Bronchus(Age- Adjusted Incidence Rate (t)-cases per 100,000)",46.7
18059,Hancock County,2013,"Incidence Rate Lungs & Bronchus(Age- Adjusted Incidence Rate (t)-cases per 100,000)",83.1
18061,Harrison County,2013,"Incidence Rate Lungs & Bronchus(Age- Adjusted Incidence Rate (t)-cases per 100,000)",90.7
18063,Hendricks County,2013,"Incidence Rate Lungs & Bronchus(Age- Adjusted Incidence Rate (t)-cases per 100,000)",69.9
18065,Henry County,2013,"Incidence Rate Lungs & Bronchus(Age- Adjusted Incidence Rate (t)-cases per 100,000)",76.6
18067,Howard County,2013,"Incidence Rate Lungs & Bronchus(Age- Adjusted Incidence Rate (t)-cases per 100,000)",75
18069,Huntington County,2013,"Incidence Rate Lungs & Bronchus(Age- Adjusted Incidence Rate (t)-cases per 100,000)",65
18071,Jackson County,2013,"Incidence Rate Lungs & Bronchus(Age- Adjusted Incidence Rate (t)-cases per 100,000)",81.4
18073,Jasper County,2013,"Incidence Rate Lungs & Bronchus(Age- Adjusted Incidence Rate (t)-cases per 100,000)",85.6
18075,Jay County,2013,"Incidence Rate Lungs & Bronchus(Age- Adjusted Incidence Rate (t)-cases per 100,000)",68.9
18077,Jefferson County,2013,"Incidence Rate Lungs & Bronchus(Age- Adjusted Incidence Rate (t)-cases per 100,000)",81.7
18079,Jennings County,2013,"Incidence Rate Lungs & Bronchus(Age- Adjusted Incidence Rate (t)-cases per 100,000)",97.9
18081,Johnson County,2013,"Incidence Rate Lungs & Bronchus(Age- Adjusted Incidence Rate (t)-cases per 100,000)",67.9
18083,Knox County,2013,"Incidence Rate Lungs & Bronchus(Age- Adjusted Incidence Rate (t)-cases per 100,000)",76
18085,Kosciusko County,2013,"Incidence Rate Lungs & Bronchus(Age- Adjusted Incidence Rate (t)-cases per 100,000)",71.6
18087,LaGrange County,2013,"Incidence Rate Lungs & Bronchus(Age- Adjusted Incidence Rate (t)-cases per 100,000)",56.4
18089,Lake County,2013,"Incidence Rate Lungs & Bronchus(Age- Adjusted Incidence Rate (t)-cases per 100,000)",74
18091,LaPorte County,2013,"Incidence Rate Lungs & Bronchus(Age- Adjusted Incidence Rate (t)-cases per 100,000)",77.2
18093,Lawrence County,2013,"Incidence Rate Lungs & Bronchus(Age- Adjusted Incidence Rate (t)-cases per 100,000)",89.5
18095,Madison County,2013,"Incidence Rate Lungs & Bronchus(Age- Adjusted Incidence Rate (t)-cases per 100,000)",81.8
18097,Marion County,2013,"Incidence Rate Lungs & Bronchus(Age- Adjusted Incidence Rate (t)-cases per 100,000)",79.7
18099,Marshall County,2013,"Incidence Rate Lungs & Bronchus(Age- Adjusted Incidence Rate (t)-cases per 100,000)",67.1
18101,Martin County,2013,"Incidence Rate Lungs & Bronchus(Age- Adjusted Incidence Rate (t)-cases per 100,000)",71.5
18103,Miami County,2013,"Incidence Rate Lungs & Bronchus(Age- Adjusted Incidence Rate (t)-cases per 100,000)",77.1
18105,Monroe County,2013,"Incidence Rate Lungs & Bronchus(Age- Adjusted Incidence Rate (t)-cases per 100,000)",66.9
18107,Montgomery County,2013,"Incidence Rate Lungs & Bronchus(Age- Adjusted Incidence Rate (t)-cases per 100,000)",70
18109,Morgan County,2013,"Incidence Rate Lungs & Bronchus(Age- Adjusted Incidence Rate (t)-cases per 100,000)",83.9
18111,Newton County,2013,"Incidence Rate Lungs & Bronchus(Age- Adjusted Incidence Rate (t)-cases per 100,000)",75.3
18113,Noble County,2013,"Incidence Rate Lungs & Bronchus(Age- Adjusted Incidence Rate (t)-cases per 100,000)",69
18115,Ohio County,2013,"Incidence Rate Lungs & Bronchus(Age- Adjusted Incidence Rate (t)-cases per 100,000)",123.2
18117,Orange County,2013,"Incidence Rate Lungs & Bronchus(Age- Adjusted Incidence Rate (t)-cases per 100,000)",85.4
18119,Owen County,2013,"Incidence Rate Lungs & Bronchus(Age- Adjusted Incidence Rate (t)-cases per 100,000)",85
18121,Parke County,2013,"Incidence Rate Lungs & Bronchus(Age- Adjusted Incidence Rate (t)-cases per 100,000)",75.1
18123,Perry County,2013,"Incidence Rate Lungs & Bronchus(Age- Adjusted Incidence Rate (t)-cases per 100,000)",101.2
18125,Pike County,2013,"Incidence Rate Lungs & Bronchus(Age- Adjusted Incidence Rate (t)-cases per 100,000)",66.6
18127,Porter County,2013,"Incidence Rate Lungs & Bronchus(Age- Adjusted Incidence Rate (t)-cases per 100,000)",73.6
18129,Posey County,2013,"Incidence Rate Lungs & Bronchus(Age- Adjusted Incidence Rate (t)-cases per 100,000)",60.3
18131,Pulaski County,2013,"Incidence Rate Lungs & Bronchus(Age- Adjusted Incidence Rate (t)-cases per 100,000)",71.1
18133,Putnam County,2013,"Incidence Rate Lungs & Bronchus(Age- Adjusted Incidence Rate (t)-cases per 100,000)",95.1
18135,Randolph County,2013,"Incidence Rate Lungs & Bronchus(Age- Adjusted Incidence Rate (t)-cases per 100,000)",83.1
18137,Ripley County,2013,"Incidence Rate Lungs & Bronchus(Age- Adjusted Incidence Rate (t)-cases per 100,000)",75.6
18139,Rush County,2013,"Incidence Rate Lungs & Bronchus(Age- Adjusted Incidence Rate (t)-cases per 100,000)",80.8
18143,Scott County,2013,"Incidence Rate Lungs & Bronchus(Age- Adjusted Incidence Rate (t)-cases per 100,000)",71.5
18145,Shelby County,2013,"Incidence Rate Lungs & Bronchus(Age- Adjusted Incidence Rate (t)-cases per 100,000)",91.8
18147,Spencer County,2013,"Incidence Rate Lungs & Bronchus(Age- Adjusted Incidence Rate (t)-cases per 100,000)",81.8
18141,St. Joseph County,2013,"Incidence Rate Lungs & Bronchus(Age- Adjusted Incidence Rate (t)-cases per 100,000)",77.9
18149,Starke County,2013,"Incidence Rate Lungs & Bronchus(Age- Adjusted Incidence Rate (t)-cases per 100,000)",93.5
18151,Steuben County,2013,"Incidence Rate Lungs & Bronchus(Age- Adjusted Incidence Rate (t)-cases per 100,000)",71
18153,Sullivan County,2013,"Incidence Rate Lungs & Bronchus(Age- Adjusted Incidence Rate (t)-cases per 100,000)",81.8
18155,Switzerland County,2013,"Incidence Rate Lungs & Bronchus(Age- Adjusted Incidence Rate (t)-cases per 100,000)",84.7
18157,Tippecanoe County,2013,"Incidence Rate Lungs & Bronchus(Age- Adjusted Incidence Rate (t)-cases per 100,000)",64
18159,Tipton County,2013,"Incidence Rate Lungs & Bronchus(Age- Adjusted Incidence Rate (t)-cases per 100,000)",73.3
18161,Union County,2013,"Incidence Rate Lungs & Bronchus(Age- Adjusted Incidence Rate (t)-cases per 100,000)",65.2
18163,Vanderburgh County,2013,"Incidence Rate Lungs & Bronchus(Age- Adjusted Incidence Rate (t)-cases per 100,000)",79.6
18165,Vermillion County,2013,"Incidence Rate Lungs & Bronchus(Age- Adjusted Incidence Rate (t)-cases per 100,000)",92.6
18167,Vigo County,2013,"Incidence Rate Lungs & Bronchus(Age- Adjusted Incidence Rate (t)-cases per 100,000)",80.4
18169,Wabash County,2013,"Incidence Rate Lungs & Bronchus(Age- Adjusted Incidence Rate (t)-cases per 100,000)",64.3
18171,Warren County,2013,"Incidence Rate Lungs & Bronchus(Age- Adjusted Incidence Rate (t)-cases per 100,000)",66
18173,Warrick County,2013,"Incidence Rate Lungs & Bronchus(Age- Adjusted Incidence Rate (t)-cases per 100,000)",66.7
18175,Washington County,2013,"Incidence Rate Lungs & Bronchus(Age- Adjusted Incidence Rate (t)-cases per 100,000)",96.2
18177,Wayne County,2013,"Incidence Rate Lungs & Bronchus(Age- Adjusted Incidence Rate (t)-cases per 100,000)",85.2
18179,Wells County,2013,"Incidence Rate Lungs & Bronchus(Age- Adjusted Incidence Rate (t)-cases per 100,000)",52.4
18181,White County,2013,"Incidence Rate Lungs & Bronchus(Age- Adjusted Incidence Rate (t)-cases per 100,000)",76.2
18183,Whitley County,2013,"Incidence Rate Lungs & Bronchus(Age- Adjusted Incidence Rate (t)-cases per 100,000)",63.8
0,US ,2013,"Death Rate Lungs & Bronchus(Age- Adjusted Death Rate (t)- cases per 100,000)",46
18000,Indiana ,2013,"Death Rate Lungs & Bronchus(Age- Adjusted Death Rate (t)- cases per 100,000)",56.3
18001,Adams County,2013,"Death Rate Lungs & Bronchus(Age- Adjusted Death Rate (t)- cases per 100,000)",32.9
18003,Allen County,2013,"Death Rate Lungs & Bronchus(Age- Adjusted Death Rate (t)- cases per 100,000)",44.8
18005,Bartholomew County,2013,"Death Rate Lungs & Bronchus(Age- Adjusted Death Rate (t)- cases per 100,000)",59.2
18007,Benton County,2013,"Death Rate Lungs & Bronchus(Age- Adjusted Death Rate (t)- cases per 100,000)",79.3
18009,Blackford County,2013,"Death Rate Lungs & Bronchus(Age- Adjusted Death Rate (t)- cases per 100,000)",51.8
18011,Boone County,2013,"Death Rate Lungs & Bronchus(Age- Adjusted Death Rate (t)- cases per 100,000)",56.6
18013,Brown County,2013,"Death Rate Lungs & Bronchus(Age- Adjusted Death Rate (t)- cases per 100,000)",60.2
18015,Carroll County,2013,"Death Rate Lungs & Bronchus(Age- Adjusted Death Rate (t)- cases per 100,000)",39.8
18017,Cass County,2013,"Death Rate Lungs & Bronchus(Age- Adjusted Death Rate (t)- cases per 100,000)",65.8
18019,Clark County,2013,"Death Rate Lungs & Bronchus(Age- Adjusted Death Rate (t)- cases per 100,000)",67.3
18021,Clay County,2013,"Death Rate Lungs & Bronchus(Age- Adjusted Death Rate (t)- cases per 100,000)",58.4
18023,Clinton County,2013,"Death Rate Lungs & Bronchus(Age- Adjusted Death Rate (t)- cases per 100,000)",62.2
18025,Crawford County,2013,"Death Rate Lungs & Bronchus(Age- Adjusted Death Rate (t)- cases per 100,000)",70.5
18027,Daviess County,2013,"Death Rate Lungs & Bronchus(Age- Adjusted Death Rate (t)- cases per 100,000)",56
18029,Dearborn County,2013,"Death Rate Lungs & Bronchus(Age- Adjusted Death Rate (t)- cases per 100,000)",64.1
18031,Decatur County,2013,"Death Rate Lungs & Bronchus(Age- Adjusted Death Rate (t)- cases per 100,000)",56.9
18033,DeKalb County,2013,"Death Rate Lungs & Bronchus(Age- Adjusted Death Rate (t)- cases per 100,000)",53.2
18035,Delaware County,2013,"Death Rate Lungs & Bronchus(Age- Adjusted Death Rate (t)- cases per 100,000)",58.6
18037,Dubois County,2013,"Death Rate Lungs & Bronchus(Age- Adjusted Death Rate (t)- cases per 100,000)",40.3
18039,Elkhart County,2013,"Death Rate Lungs & Bronchus(Age- Adjusted Death Rate (t)- cases per 100,000)",48.6
18041,Fayette County,2013,"Death Rate Lungs & Bronchus(Age- Adjusted Death Rate (t)- cases per 100,000)",71.4
18043,Floyd County,2013,"Death Rate Lungs & Bronchus(Age- Adjusted Death Rate (t)- cases per 100,000)",54.2
18045,Fountain County,2013,"Death Rate Lungs & Bronchus(Age- Adjusted Death Rate (t)- cases per 100,000)",62.2
18047,Franklin County,2013,"Death Rate Lungs & Bronchus(Age- Adjusted Death Rate (t)- cases per 100,000)",57.1
18049,Fulton County,2013,"Death Rate Lungs & Bronchus(Age- Adjusted Death Rate (t)- cases per 100,000)",70
18051,Gibson County,2013,"Death Rate Lungs & Bronchus(Age- Adjusted Death Rate (t)- cases per 100,000)",48.6
18053,Grant County,2013,"Death Rate Lungs & Bronchus(Age- Adjusted Death Rate (t)- cases per 100,000)",64
18055,Greene County,2013,"Death Rate Lungs & Bronchus(Age- Adjusted Death Rate (t)- cases per 100,000)",69.5
18057,Hamilton County,2013,"Death Rate Lungs & Bronchus(Age- Adjusted Death Rate (t)- cases per 100,000)",33.6
18059,Hancock County,2013,"Death Rate Lungs & Bronchus(Age- Adjusted Death Rate (t)- cases per 100,000)",59.2
18061,Harrison County,2013,"Death Rate Lungs & Bronchus(Age- Adjusted Death Rate (t)- cases per 100,000)",62.9
18063,Hendricks County,2013,"Death Rate Lungs & Bronchus(Age- Adjusted Death Rate (t)- cases per 100,000)",50.5
18065,Henry County,2013,"Death Rate Lungs & Bronchus(Age- Adjusted Death Rate (t)- cases per 100,000)",65.1
18067,Howard County,2013,"Death Rate Lungs & Bronchus(Age- Adjusted Death Rate (t)- cases per 100,000)",52.4
18069,Huntington County,2013,"Death Rate Lungs & Bronchus(Age- Adjusted Death Rate (t)- cases per 100,000)",50.5
18071,Jackson County,2013,"Death Rate Lungs & Bronchus(Age- Adjusted Death Rate (t)- cases per 100,000)",70.7
18073,Jasper County,2013,"Death Rate Lungs & Bronchus(Age- Adjusted Death Rate (t)- cases per 100,000)",69.4
18075,Jay County,2013,"Death Rate Lungs & Bronchus(Age- Adjusted Death Rate (t)- cases per 100,000)",57.7
18077,Jefferson County,2013,"Death Rate Lungs & Bronchus(Age- Adjusted Death Rate (t)- cases per 100,000)",58.5
18079,Jennings County,2013,"Death Rate Lungs & Bronchus(Age- Adjusted Death Rate (t)- cases per 100,000)",62.5
18081,Johnson County,2013,"Death Rate Lungs & Bronchus(Age- Adjusted Death Rate (t)- cases per 100,000)",50.1
18083,Knox County,2013,"Death Rate Lungs & Bronchus(Age- Adjusted Death Rate (t)- cases per 100,000)",53.6
18085,Kosciusko County,2013,"Death Rate Lungs & Bronchus(Age- Adjusted Death Rate (t)- cases per 100,000)",54
18087,LaGrange County,2013,"Death Rate Lungs & Bronchus(Age- Adjusted Death Rate (t)- cases per 100,000)",41.5
18089,Lake County,2013,"Death Rate Lungs & Bronchus(Age- Adjusted Death Rate (t)- cases per 100,000)",53.8
18091,LaPorte County,2013,"Death Rate Lungs & Bronchus(Age- Adjusted Death Rate (t)- cases per 100,000)",55.9
18093,Lawrence County,2013,"Death Rate Lungs & Bronchus(Age- Adjusted Death Rate (t)- cases per 100,000)",66
18095,Madison County,2013,"Death Rate Lungs & Bronchus(Age- Adjusted Death Rate (t)- cases per 100,000)",67.8
18097,Marion County,2013,"Death Rate Lungs & Bronchus(Age- Adjusted Death Rate (t)- cases per 100,000)",64.3
18099,Marshall County,2013,"Death Rate Lungs & Bronchus(Age- Adjusted Death Rate (t)- cases per 100,000)",45.1
18101,Martin County,2013,"Death Rate Lungs & Bronchus(Age- Adjusted Death Rate (t)- cases per 100,000)",58.6
18103,Miami County,2013,"Death Rate Lungs & Bronchus(Age- Adjusted Death Rate (t)- cases per 100,000)",68
18105,Monroe County,2013,"Death Rate Lungs & Bronchus(Age- Adjusted Death Rate (t)- cases per 100,000)",49.7
18107,Montgomery County,2013,"Death Rate Lungs & Bronchus(Age- Adjusted Death Rate (t)- cases per 100,000)",54.5
18109,Morgan County,2013,"Death Rate Lungs & Bronchus(Age- Adjusted Death Rate (t)- cases per 100,000)",66.4
18111,Newton County,2013,"Death Rate Lungs & Bronchus(Age- Adjusted Death Rate (t)- cases per 100,000)",65.7
18113,Noble County,2013,"Death Rate Lungs & Bronchus(Age- Adjusted Death Rate (t)- cases per 100,000)",54.7
18115,Ohio County,2013,"Death Rate Lungs & Bronchus(Age- Adjusted Death Rate (t)- cases per 100,000)",80.6
18117,Orange County,2013,"Death Rate Lungs & Bronchus(Age- Adjusted Death Rate (t)- cases per 100,000)",69.7
18119,Owen County,2013,"Death Rate Lungs & Bronchus(Age- Adjusted Death Rate (t)- cases per 100,000)",62.9
18121,Parke County,2013,"Death Rate Lungs & Bronchus(Age- Adjusted Death Rate (t)- cases per 100,000)",64
18123,Perry County,2013,"Death Rate Lungs & Bronchus(Age- Adjusted Death Rate (t)- cases per 100,000)",76
18125,Pike County,2013,"Death Rate Lungs & Bronchus(Age- Adjusted Death Rate (t)- cases per 100,000)",57.9
18127,Porter County,2013,"Death Rate Lungs & Bronchus(Age- Adjusted Death Rate (t)- cases per 100,000)",52.9
18129,Posey County,2013,"Death Rate Lungs & Bronchus(Age- Adjusted Death Rate (t)- cases per 100,000)",41.3
18131,Pulaski County,2013,"Death Rate Lungs & Bronchus(Age- Adjusted Death Rate (t)- cases per 100,000)",64.5
18133,Putnam County,2013,"Death Rate Lungs & Bronchus(Age- Adjusted Death Rate (t)- cases per 100,000)",76.4
18135,Randolph County,2013,"Death Rate Lungs & Bronchus(Age- Adjusted Death Rate (t)- cases per 100,000)",59.1
18137,Ripley County,2013,"Death Rate Lungs & Bronchus(Age- Adjusted Death Rate (t)- cases per 100,000)",57.8
18139,Rush County,2013,"Death Rate Lungs & Bronchus(Age- Adjusted Death Rate (t)- cases per 100,000)",67.5
18143,Scott County,2013,"Death Rate Lungs & Bronchus(Age- Adjusted Death Rate (t)- cases per 100,000)",52.2
18145,Shelby County,2013,"Death Rate Lungs & Bronchus(Age- Adjusted Death Rate (t)- cases per 100,000)",81.2
18147,Spencer County,2013,"Death Rate Lungs & Bronchus(Age- Adjusted Death Rate (t)- cases per 100,000)",56.2
18141,St. Joseph County,2013,"Death Rate Lungs & Bronchus(Age- Adjusted Death Rate (t)- cases per 100,000)",51.3
18149,Starke County,2013,"Death Rate Lungs & Bronchus(Age- Adjusted Death Rate (t)- cases per 100,000)",75.3
18151,Steuben County,2013,"Death Rate Lungs & Bronchus(Age- Adjusted Death Rate (t)- cases per 100,000)",46.7
18153,Sullivan County,2013,"Death Rate Lungs & Bronchus(Age- Adjusted Death Rate (t)- cases per 100,000)",64
18155,Switzerland County,2013,"Death Rate Lungs & Bronchus(Age- Adjusted Death Rate (t)- cases per 100,000)",80
18157,Tippecanoe County,2013,"Death Rate Lungs & Bronchus(Age- Adjusted Death Rate (t)- cases per 100,000)",47.2
18159,Tipton County,2013,"Death Rate Lungs & Bronchus(Age- Adjusted Death Rate (t)- cases per 100,000)",43.6
18161,Union County,2013,"Death Rate Lungs & Bronchus(Age- Adjusted Death Rate (t)- cases per 100,000)",48.9
18163,Vanderburgh County,2013,"Death Rate Lungs & Bronchus(Age- Adjusted Death Rate (t)- cases per 100,000)",57.2
18165,Vermillion County,2013,"Death Rate Lungs & Bronchus(Age- Adjusted Death Rate (t)- cases per 100,000)",79.9
18167,Vigo County,2013,"Death Rate Lungs & Bronchus(Age- Adjusted Death Rate (t)- cases per 100,000)",65
18169,Wabash County,2013,"Death Rate Lungs & Bronchus(Age- Adjusted Death Rate (t)- cases per 100,000)",46.5
18171,Warren County,2013,"Death Rate Lungs & Bronchus(Age- Adjusted Death Rate (t)- cases per 100,000)",53.6
18173,Warrick County,2013,"Death Rate Lungs & Bronchus(Age- Adjusted Death Rate (t)- cases per 100,000)",46.7
18175,Washington County,2013,"Death Rate Lungs & Bronchus(Age- Adjusted Death Rate (t)- cases per 100,000)",69.6
18177,Wayne County,2013,"Death Rate Lungs & Bronchus(Age- Adjusted Death Rate (t)- cases per 100,000)",65
18179,Wells County,2013,"Death Rate Lungs & Bronchus(Age- Adjusted Death Rate (t)- cases per 100,000)",42.9
18181,White County,2013,"Death Rate Lungs & Bronchus(Age- Adjusted Death Rate (t)- cases per 100,000)",64.4
18183,Whitley County,2013,"Death Rate Lungs & Bronchus(Age- Adjusted Death Rate (t)- cases per 100,000)",52.1
